INSERT INTO USER (USER_ID, NAME, PASSWORD, SURNAME, USERNAME) VALUES (1, 'Łukasz', '$2a$10$fFBNHqZJ27CRlhuehipebex7QXU9xHK9ORQKY8RURU59mLNQc0AJG', 'Malinowski', 'LukaszMalinowski');
INSERT INTO USER (USER_ID, NAME, PASSWORD, SURNAME, USERNAME) VALUES (2, 'Robert', '$2a$10$fFBNHqZJ27CRlhuehipebex7QXU9xHK9ORQKY8RURU59mLNQc0AJG', 'Makłowicz', 'RobertMaklowicz');
INSERT INTO USER (USER_ID, NAME, PASSWORD, SURNAME, USERNAME) VALUES (3, 'Paweł', '$2a$10$fFBNHqZJ27CRlhuehipebex7QXU9xHK9ORQKY8RURU59mLNQc0AJG', 'Pawłowski', 'PawelPawel');

INSERT INTO TEAM (TEAM_ID, CREATED_DATE, NAME, OWNER_USER_ID) VALUES (1, '2021-11-10T13:30:00.000Z', 'Team 1', 1 );

INSERT INTO TEAM_USER (TEAM_USER_ID, JOIN_DATE, TEAM_TEAM_ID, USER_USER_ID) VALUES (1, '2021-11-10T13:30:00.000Z', 1, 1 );
INSERT INTO TEAM_USER (TEAM_USER_ID, JOIN_DATE, TEAM_TEAM_ID, USER_USER_ID) VALUES (2, '2021-11-12T13:30:00.000Z', 1, 2 );
INSERT INTO TEAM_USER (TEAM_USER_ID, JOIN_DATE, TEAM_TEAM_ID, USER_USER_ID) VALUES (2, '2021-11-12T13:30:00.000Z', 1, 3 );


INSERT INTO BOARD (BOARD_ID, CREATED_DATE, DESCRIPTION, NAME, OWNER_USER_ID, TEAM_TEAM_ID) VALUES (1, '2021-11-13T12:30:00.000Z', 'Board 1 description', 'Board 1', 1, 1);
INSERT INTO BOARD (BOARD_ID, CREATED_DATE, DESCRIPTION, NAME, OWNER_USER_ID, TEAM_TEAM_ID) VALUES (2, '2021-11-12T12:30:00.000Z', 'Board 2 description', 'Board 2', 2, null);
INSERT INTO BOARD (BOARD_ID, CREATED_DATE, DESCRIPTION, NAME, OWNER_USER_ID, TEAM_TEAM_ID) VALUES (3, '2021-11-12T15:30:00.000Z', 'Board 3 description', 'Board 3', 1, null);
INSERT INTO BOARD (BOARD_ID, CREATED_DATE, DESCRIPTION, NAME, OWNER_USER_ID, TEAM_TEAM_ID) VALUES (4, '2021-11-11T12:30:00.000Z', 'Board 4 description', 'Board 4', 1, null );

INSERT INTO BOARD_USER (BOARD_USER_ID, JOIN_DATE, ROLE, BOARD_BOARD_ID, USER_USER_ID) VALUES (1, '2021-11-13T13:30:00.000Z', 'ADMIN', 1, 1);
INSERT INTO BOARD_USER (BOARD_USER_ID, JOIN_DATE, ROLE, BOARD_BOARD_ID, USER_USER_ID) VALUES (2, '2021-11-13T13:30:00.000Z', 'ADMIN', 1, 2);
INSERT INTO BOARD_USER (BOARD_USER_ID, JOIN_DATE, ROLE, BOARD_BOARD_ID, USER_USER_ID) VALUES (3, '2021-11-13T13:30:00.000Z', 'ADMIN', 1, 3);

INSERT INTO BOARD_USER (BOARD_USER_ID, JOIN_DATE, ROLE, BOARD_BOARD_ID, USER_USER_ID) VALUES (4, '2021-11-13T13:30:00.000Z', 'MEMBER', 2, 1);
INSERT INTO BOARD_USER (BOARD_USER_ID, JOIN_DATE, ROLE, BOARD_BOARD_ID, USER_USER_ID) VALUES (5, '2021-11-13T13:30:00.000Z', 'ADMIN', 2, 2);

INSERT INTO COLUMN (COLUMN_ID, NAME, BOARD_BOARD_ID) VALUES (1, 'Todo', 1);
INSERT INTO COLUMN (COLUMN_ID, NAME, BOARD_BOARD_ID) VALUES (2, 'In progress', 1);
INSERT INTO COLUMN (COLUMN_ID, NAME, BOARD_BOARD_ID) VALUES (3, 'Done', 1);

INSERT INTO COLUMN (COLUMN_ID, NAME, BOARD_BOARD_ID) VALUES (4, 'Todo', 2);
INSERT INTO COLUMN (COLUMN_ID, NAME, BOARD_BOARD_ID) VALUES (5, 'In progress', 2);
INSERT INTO COLUMN (COLUMN_ID, NAME, BOARD_BOARD_ID) VALUES (6, 'Done', 2);

INSERT INTO COLUMN (COLUMN_ID, NAME, BOARD_BOARD_ID) VALUES (7, 'Todo', 3);
INSERT INTO COLUMN (COLUMN_ID, NAME, BOARD_BOARD_ID) VALUES (8, 'In progress', 3);
INSERT INTO COLUMN (COLUMN_ID, NAME, BOARD_BOARD_ID) VALUES (9, 'Waiting', 3);
INSERT INTO COLUMN (COLUMN_ID, NAME, BOARD_BOARD_ID) VALUES (10, 'Done', 3);

INSERT INTO COLUMN (COLUMN_ID, NAME, BOARD_BOARD_ID) VALUES (11, 'Todo', 4);
INSERT INTO COLUMN (COLUMN_ID, NAME, BOARD_BOARD_ID) VALUES (12, 'In progress', 4);
INSERT INTO COLUMN (COLUMN_ID, NAME, BOARD_BOARD_ID) VALUES (13, 'Waiting', 4);
INSERT INTO COLUMN (COLUMN_ID, NAME, BOARD_BOARD_ID) VALUES (14, 'Done', 4);

INSERT INTO TASK (TASK_ID, CREATED_DATE, DESCRIPTION, TITLE, ASSIGNEE_USER_ID, COLUMN_COLUMN_ID, OWNER_USER_ID) VALUES (1, '2021-11-13T14:30:00.000Z', 'First todo', 'Do this', 1, 1, 2);
INSERT INTO TASK (TASK_ID, CREATED_DATE, DESCRIPTION, TITLE, ASSIGNEE_USER_ID, COLUMN_COLUMN_ID, OWNER_USER_ID) VALUES (2, '2021-11-13T14:30:00.000Z', 'Todo from database', 'Todo', null, 1, 1);
INSERT INTO TASK (TASK_ID, CREATED_DATE, DESCRIPTION, TITLE, ASSIGNEE_USER_ID, COLUMN_COLUMN_ID, OWNER_USER_ID) VALUES (3, '2021-11-13T14:30:00.000Z', 'Second todo', 'Do this', 1, 2, 2);
INSERT INTO TASK (TASK_ID, CREATED_DATE, DESCRIPTION, TITLE, ASSIGNEE_USER_ID, COLUMN_COLUMN_ID, OWNER_USER_ID) VALUES (4, '2021-11-13T14:30:00.000Z', 'Do it fast', 'Finish backend', 1, 5, 2);
INSERT INTO TASK (TASK_ID, CREATED_DATE, DESCRIPTION, TITLE, ASSIGNEE_USER_ID, COLUMN_COLUMN_ID, OWNER_USER_ID) VALUES (5, '2021-11-13T14:30:00.000Z', null, 'Another todo', null, 6, 2);